[
 {
  "language": "en",
  "enable_camera": "false",
  "auto_load_camera": "false",
  "camera_address": "",
  "enable_DHT": "false",
  "enable_lock_UI": "false",
  "enable_ping": "true",
  "is_mixed_extruder": "false",
  "number_extruders": "1",
  "enable_bed": "true",
  "enable_fan": "true",
  "enable_z": "true",
  "enable_control_panel": "true",
  "enable_grbl_probe_panel": "false",
  "enable_temperatures_panel": "true",
  "enable_extruder_panel": "true",
  "enable_grbl_panel": "true",
  "enable_files_panel": "true",
  "probemaxtravel": "40",
  "probefeedrate": "100",
  "probetouchplatethickness": "0.5",
  "interval_positions": "3",
  "interval_status": "3",
  "xy_feedrate": "1000",
  "z_feedrate": "100",
  "interval_temperatures": "3",
  "e_feedrate": "400",
  "e_distance": "5",
  "f_filters": "g;G;gco;GCO;gcode;GCODE",
  "enable_autoscroll": "true",
  "enable_verbose_mode": "true",
  "enable_commands_panel": "true"
 }
]